loan_id,loan_amount,term,interest_rate,annual_income,credit_score,employment_length,home_ownership,purpose,dti,delinq_2yrs,revol_util,total_acc,loan_status
1001,17795,60,10.83,93781,829,10,OWN,small_business,21.83,3,67.74,37,0
1002,2860,36,10.87,92750,696,9,OWN,car,28.19,4,56.58,7,1
1003,40158,60,6.45,86262,807,14,OWN,small_business,9.15,2,92.91,39,0
1004,46732,36,13.68,137424,645,0,OWN,small_business,15.11,3,38.73,9,0
1005,13284,36,13.48,66600,841,7,MORTGAGE,debt_consolidation,18.92,0,6.62,31,0
1006,8265,60,10.98,96898,822,1,MORTGAGE,debt_consolidation,37.18,3,1.92,48,1
1007,18850,60,18.52,82483,765,6,RENT,small_business,39.76,5,82.69,16,1
1008,39194,60,7.8,38297,825,8,MORTGAGE,credit_card,6.57,4,52.47,24,0
1009,23962,60,10.62,50448,704,8,MORTGAGE,small_business,31.64,1,77.52,49,0
1010,49191,36,10.5,46172,847,7,OWN,small_business,18.01,0,23.44,24,1
1011,46131,60,7.29,62874,710,10,MORTGAGE,home_improvement,18.74,2,34.51,13,0
1012,18023,36,12.74,27657,816,13,OWN,home_improvement,31.4,4,3.01,43,0
1013,43090,60,15.63,104386,597,11,RENT,home_improvement,37.14,1,96.15,8,0
1014,3685,60,13.16,145617,619,9,RENT,credit_card,38.28,3,66.79,23,0
1015,2769,60,8.2,45425,600,8,MORTGAGE,credit_card,25.2,1,93.32,42,1
1016,4433,36,11.28,46685,804,1,RENT,small_business,17.5,4,26.55,31,1
1017,7311,60,6.04,142000,587,5,MORTGAGE,home_improvement,32.56,4,61.15,49,1
1018,39819,60,18.16,132855,679,3,RENT,credit_card,13.79,5,67.85,47,0
1019,41188,60,7.18,44578,819,13,OWN,debt_consolidation,24.74,5,31.75,17,1
1020,19568,60,14.36,48831,666,3,OWN,small_business,17.55,1,84.81,17,0
1021,21769,36,19.81,27906,593,4,OWN,car,27.98,3,94.72,26,0
1022,30693,60,13.51,81413,581,11,OWN,small_business,13.41,1,88.49,32,1
1023,8396,36,18.94,74028,620,2,MORTGAGE,car,11.71,4,73.91,49,0
1024,29480,36,9.31,27287,690,13,RENT,home_improvement,37.14,4,27.75,26,0
1025,43434,36,16.64,53660,593,0,MORTGAGE,car,8.56,2,28.16,47,0
1026,27658,36,13.44,95758,810,7,OWN,home_improvement,22.71,5,96.34,23,1
1027,20942,36,16.09,80504,663,4,MORTGAGE,debt_consolidation,12.73,2,1.03,12,0
1028,20431,36,6.87,79720,709,2,RENT,car,6.36,0,71.6,12,0
1029,4747,60,8.07,122979,810,9,MORTGAGE,small_business,6.26,4,70.62,46,0
1030,2189,36,7.86,54701,724,13,RENT,home_improvement,11.13,2,62.27,30,1
1031,21118,36,15.62,103300,607,6,MORTGAGE,small_business,35.34,1,99.01,30,1
1032,37773,36,17.82,130177,645,6,RENT,credit_card,14.89,5,31.19,27,0
1033,3899,60,16.49,37674,742,0,RENT,home_improvement,38.27,5,34,47,0
1034,3267,60,6.43,103560,808,11,OWN,car,25.36,3,7.89,17,0
1035,33551,36,18.14,131543,840,8,RENT,home_improvement,20.28,1,44.28,32,1
1036,13394,60,10.96,43874,743,14,OWN,small_business,25.3,3,26.1,13,0
1037,5556,36,11.56,63642,589,1,OWN,debt_consolidation,23.08,2,34.34,24,1
1038,5890,36,7.47,143867,774,4,OWN,home_improvement,31.56,0,83.46,23,0
1039,43606,60,16.32,117820,697,12,MORTGAGE,car,14.89,1,93.55,43,1
1040,32740,36,8.55,85160,849,13,MORTGAGE,credit_card,17.36,1,18.57,16,1
1041,16502,60,13.9,37602,659,4,MORTGAGE,debt_consolidation,36.29,1,37.25,19,0
1042,23777,60,17.77,123320,672,13,MORTGAGE,credit_card,38.13,3,92.86,35,1
1043,12627,36,7.25,108801,845,7,RENT,home_improvement,36.24,2,6.18,18,0
1044,10792,36,13.49,45931,836,13,RENT,small_business,19.68,1,9.24,15,0
1045,45323,60,9.27,114377,712,7,MORTGAGE,small_business,32.31,1,16.28,30,0
1046,45021,36,10.8,49192,843,13,RENT,car,21.67,5,59.52,46,1
1047,10433,36,12.64,66542,750,6,RENT,small_business,22.41,0,15.05,31,0
1048,45001,36,10.97,147015,580,6,OWN,debt_consolidation,12.16,5,96.81,15,0
1049,13016,60,15.08,62520,643,11,OWN,small_business,25.69,5,44.67,42,0
1050,25897,60,12.71,84772,700,10,OWN,car,11.51,0,50.15,38,0
1051,4612,36,14.18,78762,686,5,OWN,home_improvement,16.6,2,24.67,47,0
1052,25483,60,16.32,70106,754,5,RENT,home_improvement,34.93,5,47.1,23,0
1053,19159,60,13.81,101121,783,10,MORTGAGE,small_business,12.25,2,66.19,10,1
1054,46974,60,14.21,45559,744,8,RENT,credit_card,7.49,5,75.12,42,0
1055,42994,60,13.9,125595,699,5,RENT,home_improvement,7.42,4,75.39,46,0
1056,16541,60,11.3,53742,623,11,RENT,small_business,37.93,0,57.79,32,0
1057,37920,36,10.72,89669,735,12,OWN,car,22.74,5,90.44,5,0
1058,28531,36,18.6,100199,786,12,OWN,small_business,19.33,4,81.74,39,1
1059,3585,36,14.51,41754,687,1,OWN,home_improvement,33.38,3,75.7,44,1
1060,5943,60,9.42,23972,830,1,MORTGAGE,car,34.25,4,5.56,12,0
1061,25939,60,12.98,90831,709,12,RENT,small_business,16.63,1,0.69,11,1
1062,21457,36,10.62,132217,599,4,MORTGAGE,debt_consolidation,29.28,5,21.24,15,1
1063,3021,60,19.07,61873,580,14,OWN,car,31.99,4,66.35,43,1
1064,13653,36,6.11,114661,698,3,MORTGAGE,debt_consolidation,27.91,2,41.12,8,0
1065,45573,36,9.15,126532,614,10,RENT,credit_card,10.31,3,40.24,29,1
1066,15417,36,11.11,146267,777,1,RENT,car,35.66,5,88.46,16,0
1067,42757,60,12.83,29903,824,14,OWN,debt_consolidation,23.87,1,89.56,30,0
1068,11692,60,17.91,23020,638,14,OWN,home_improvement,14.89,4,90.92,42,0
1069,47758,36,7.23,61755,740,2,MORTGAGE,home_improvement,19.88,3,31.39,16,0
1070,8873,36,17.28,105956,758,6,OWN,credit_card,6.31,5,69.11,47,0
1071,7675,36,6.78,106988,785,7,OWN,car,9.48,3,27.16,41,0
1072,2161,36,17.79,65648,591,11,RENT,car,31.79,1,19.06,28,0
1073,39065,60,6.72,123537,760,12,OWN,car,5,4,18.46,20,1
1074,28557,60,6.26,145991,821,5,OWN,credit_card,19.58,3,34.21,17,1
1075,35763,36,15.76,29516,795,10,RENT,car,23.29,3,43,29,0
1076,34606,36,19.96,132863,830,4,RENT,home_improvement,6.91,0,83.09,8,1
1077,13534,60,18.55,135005,705,12,MORTGAGE,debt_consolidation,39.06,3,11.99,15,1
1078,31127,60,14.06,22396,796,0,OWN,home_improvement,12.91,0,73.49,36,1
1079,42397,36,18.84,104082,764,7,RENT,home_improvement,15.65,4,53.15,11,0
1080,27851,36,6.07,39129,618,2,MORTGAGE,debt_consolidation,15.64,5,28.79,15,0
1081,3016,36,19.65,148322,802,14,MORTGAGE,home_improvement,13.06,5,49.28,32,1
1082,26253,60,12.87,21591,763,5,OWN,credit_card,5.05,4,29.99,45,0
1083,26276,60,16.12,31303,757,2,OWN,debt_consolidation,30.53,4,59.61,27,0
1084,25247,60,17.49,50561,730,6,MORTGAGE,home_improvement,38.84,2,43.38,49,0
1085,26300,36,16.06,91719,705,12,RENT,small_business,12.85,4,16.44,27,0
1086,10529,36,13.49,138618,813,13,MORTGAGE,home_improvement,28.21,3,11.66,32,0
1087,19262,60,12.67,112108,587,6,OWN,credit_card,30.97,5,54.67,47,0
1088,11268,60,17.74,148748,708,11,RENT,car,34.69,1,90.24,30,0
1089,23271,36,8.87,119616,843,14,RENT,home_improvement,19.79,5,34.4,29,1
1090,14185,60,19.55,144165,736,8,MORTGAGE,car,15.6,0,73.3,33,1
1091,23243,60,15.95,106231,584,4,OWN,small_business,16.39,5,65.87,23,0
1092,41099,36,8.79,27314,665,14,MORTGAGE,home_improvement,29.94,2,93.16,37,1
1093,10571,60,16.31,137071,754,7,MORTGAGE,debt_consolidation,33.59,4,82.1,40,0
1094,41976,36,13.42,39623,772,9,MORTGAGE,car,11.36,4,56.66,18,0
1095,40044,36,15.9,87675,698,9,RENT,small_business,17.98,5,65.7,18,1
1096,42774,36,16.75,132992,797,7,RENT,debt_consolidation,36.57,1,89.84,39,1
1097,4568,36,7.22,116826,693,0,OWN,debt_consolidation,33.23,1,39.95,34,1
1098,4027,36,13.09,85082,724,11,OWN,debt_consolidation,39.47,2,32.68,32,0
1099,4695,36,19.05,149839,605,4,MORTGAGE,debt_consolidation,31.4,0,1.08,21,1
1100,7258,36,10.49,103624,715,2,MORTGAGE,home_improvement,18.76,5,82.66,7,0
1101,24002,60,14.31,125228,811,0,MORTGAGE,home_improvement,25.67,4,80.1,20,1
1102,41504,36,11.17,53130,655,3,OWN,home_improvement,28.14,5,10.45,34,1
1103,35159,36,12.36,71756,580,7,RENT,small_business,7.75,2,57.69,33,0
1104,15986,60,13.68,117624,726,2,RENT,small_business,24.06,3,46.4,49,0
1105,14666,60,13.68,46292,721,9,MORTGAGE,small_business,29.83,3,11.87,19,1
1106,40660,60,8.82,131785,632,1,MORTGAGE,credit_card,10.86,2,98.06,29,0
1107,5561,36,15.58,147331,648,10,MORTGAGE,small_business,32.32,4,21.47,42,0
1108,28854,60,7.23,106206,669,8,MORTGAGE,home_improvement,25.43,2,6.72,46,1
1109,40952,36,7.94,89274,799,9,OWN,home_improvement,38.33,4,59.48,42,0
1110,24662,36,6.04,22469,771,4,RENT,credit_card,6.48,1,73.89,27,1
1111,10392,36,7.63,73947,642,13,MORTGAGE,credit_card,14.29,2,3.24,29,0
1112,32535,36,12.62,42534,652,6,OWN,small_business,26.05,4,65.87,46,0
1113,15067,60,14.49,83620,740,10,MORTGAGE,car,15.38,2,53.23,11,1
1114,25599,60,17.12,68874,748,10,MORTGAGE,credit_card,30,2,10.33,26,0
1115,37222,36,7.49,69708,668,1,RENT,debt_consolidation,31.57,4,17.25,21,0
1116,13837,36,17.91,94553,755,8,MORTGAGE,home_improvement,8.59,4,56.8,22,1
1117,16039,36,16.44,88344,848,12,RENT,debt_consolidation,22.98,0,29.64,45,0
1118,32818,60,11.72,69138,652,8,RENT,home_improvement,22.81,2,93.83,14,0
1119,21115,36,19.06,74302,824,3,RENT,home_improvement,17.92,3,81.87,14,0
1120,12965,36,19.87,67638,656,3,OWN,credit_card,37.65,2,98.36,11,1
1121,26538,60,8.87,98249,738,5,OWN,credit_card,33.96,2,25.97,42,1
1122,44530,60,11.31,125865,677,9,RENT,debt_consolidation,29.4,4,96.97,31,1
1123,7056,36,18.97,22719,681,9,MORTGAGE,home_improvement,30,2,43.12,37,0
1124,34482,60,16.1,42890,711,9,RENT,debt_consolidation,21.16,5,34.75,5,1
1125,49716,60,6.67,97236,681,5,MORTGAGE,car,37.23,2,5.03,48,0
1126,10110,36,16.94,56509,598,11,RENT,debt_consolidation,29.31,5,5.28,38,0
1127,15773,60,17.59,62534,661,0,MORTGAGE,small_business,30.51,3,69.2,8,0
1128,29266,36,16.51,122302,708,13,OWN,debt_consolidation,35.16,4,45.79,21,1
1129,19412,60,17.19,112241,668,13,MORTGAGE,small_business,14.59,2,22.65,8,1
1130,35270,36,17.55,38787,792,8,RENT,small_business,33.25,5,61.4,47,0
1131,8910,36,8.61,146209,722,1,OWN,small_business,11.83,5,25.29,30,0
1132,47453,36,9.3,68845,644,4,MORTGAGE,car,17.09,5,57.76,8,1
1133,27446,60,14.87,77932,655,8,MORTGAGE,debt_consolidation,16.75,1,35.92,5,0
1134,2206,36,18.71,112124,778,3,MORTGAGE,debt_consolidation,39.25,0,82.36,11,1
1135,23518,60,10.43,111659,722,10,MORTGAGE,car,34.98,3,82.07,34,0
1136,24361,36,14.24,53062,672,2,MORTGAGE,home_improvement,29.54,2,47.74,13,0
1137,25419,36,15.56,95713,803,14,OWN,credit_card,30.45,1,35.08,39,0
1138,43523,60,12.33,107263,681,6,OWN,debt_consolidation,24.67,2,36.26,12,0
1139,47151,36,15.99,115756,846,5,OWN,credit_card,38.15,2,80.57,28,1
1140,24403,36,18.6,80461,689,7,OWN,car,22.37,4,32.82,23,0
1141,20141,60,14.74,95418,844,2,RENT,home_improvement,18.32,4,20.91,40,1
1142,16820,36,13.56,86672,582,4,OWN,home_improvement,10.71,4,8.47,47,0
1143,42342,36,12.14,148232,664,9,MORTGAGE,home_improvement,32.52,1,46.67,31,0
1144,8374,36,14.08,54832,696,3,MORTGAGE,car,30.71,2,48.21,36,0
1145,3678,36,10.98,147335,800,14,OWN,small_business,18.45,0,84.09,18,0
1146,35827,60,11.48,51966,733,12,MORTGAGE,small_business,5.88,3,22.12,22,1
1147,18198,60,13.45,92545,732,3,OWN,credit_card,34.36,4,38.1,32,0
1148,11914,36,6.93,32987,591,3,MORTGAGE,small_business,5.4,4,80.84,33,0
1149,29890,60,9.21,57311,712,9,RENT,small_business,29.63,2,82.36,20,0
1150,24299,36,13.6,51575,807,7,RENT,home_improvement,38.96,2,38.46,39,0
1151,45585,60,12.04,83852,622,5,OWN,home_improvement,20.32,1,45.91,35,0
1152,45689,36,10.66,147650,600,2,OWN,credit_card,13.22,1,30.33,8,1
1153,44557,36,16.23,21007,686,9,OWN,debt_consolidation,29.67,4,93.26,41,0
1154,46020,36,15.71,90981,696,4,MORTGAGE,credit_card,33.6,2,11.86,21,0
1155,4693,36,8.33,96242,703,5,OWN,credit_card,24.13,0,93.37,43,0
1156,31467,36,18.3,67517,782,4,RENT,car,38.85,3,68.39,30,1
1157,31723,36,12.94,130022,630,5,MORTGAGE,car,6.81,2,53.16,43,0
1158,48699,60,16.38,49257,720,7,OWN,credit_card,22.67,2,3.27,45,0
1159,5627,36,14.02,107272,631,6,MORTGAGE,credit_card,30.15,5,47.56,8,0
1160,27939,60,19.97,62207,606,4,MORTGAGE,credit_card,35.19,1,40.77,34,0
1161,44941,36,16.53,33281,736,9,OWN,small_business,11.27,3,16.12,34,0
1162,23834,60,15.9,81246,818,5,MORTGAGE,car,33,4,65.64,26,0
1163,20047,60,16.9,21435,735,13,RENT,credit_card,24.34,2,97.12,15,1
1164,28105,60,8,118875,715,3,RENT,home_improvement,18.88,4,56.22,6,0
1165,12230,36,8.86,120686,723,11,MORTGAGE,home_improvement,9.61,2,71.48,48,1
1166,17707,36,16,111357,685,8,OWN,small_business,35.29,4,6.85,16,0
1167,23976,60,12.92,46660,737,12,MORTGAGE,small_business,10.5,3,41.77,34,0
1168,46262,36,16.56,25084,725,3,RENT,debt_consolidation,15.84,1,11.64,40,0
1169,25776,60,7.44,102197,581,0,MORTGAGE,debt_consolidation,15.15,3,61.28,22,0
1170,32080,36,13.51,33507,656,6,MORTGAGE,debt_consolidation,35.5,5,93.85,30,1
1171,3306,60,11.3,92595,711,6,RENT,small_business,28.54,0,66.18,11,0
1172,8776,60,12.4,103807,669,3,MORTGAGE,small_business,32.88,1,7.68,5,0
1173,29251,36,14.46,65539,842,12,MORTGAGE,small_business,13.77,3,35.47,30,0
1174,11474,60,13.03,135953,687,13,OWN,home_improvement,26.87,5,55.07,27,1
1175,42294,36,13.56,27491,653,2,OWN,small_business,25.01,0,40.32,30,0
1176,23959,60,12.81,147706,618,7,RENT,home_improvement,34.15,5,83.36,49,1
1177,7530,60,11.73,132831,738,4,RENT,debt_consolidation,36.71,2,81.47,10,0
1178,31320,36,16.81,70192,650,9,RENT,debt_consolidation,5.43,2,61.18,10,0
1179,5748,36,6.17,100395,820,6,OWN,debt_consolidation,28.59,4,37.35,48,0
1180,33968,36,14.38,143797,615,3,RENT,credit_card,6.81,1,25.53,12,0
1181,34562,60,13.92,83888,663,3,RENT,credit_card,24.21,2,10.59,28,0
1182,15545,36,16.03,93609,842,7,RENT,car,15.07,5,35.49,26,0
1183,2663,60,14.39,29077,751,13,OWN,car,15.74,1,41.32,23,1
1184,36766,60,17.58,137440,752,7,MORTGAGE,car,17.35,2,67.58,41,1
1185,9994,36,19.43,142901,626,1,RENT,credit_card,26.75,4,65.82,22,1
1186,30021,36,10.8,40953,720,13,MORTGAGE,credit_card,16.69,3,7.01,35,0
1187,32303,60,9.18,96919,697,1,RENT,car,30.64,4,39.53,41,0
1188,5304,60,11.93,134682,793,2,MORTGAGE,car,19.16,0,18.18,34,0
1189,48576,36,10.03,141041,799,14,OWN,small_business,7.39,2,15.68,46,1
1190,41353,36,14.61,87889,605,11,OWN,car,32.43,0,82.73,37,1
1191,19675,36,18.77,43821,588,11,RENT,small_business,15,0,4.19,14,0
1192,46417,36,7.95,57567,589,2,MORTGAGE,home_improvement,20.15,5,41.92,41,0
1193,25938,36,7.41,135374,700,0,OWN,credit_card,28.99,1,16.82,16,0
1194,25664,60,9.58,44860,704,14,RENT,car,16.64,5,87.93,34,0
1195,3636,60,16.17,41195,749,13,RENT,credit_card,6.98,2,55.7,31,0
1196,22080,60,14.3,97475,651,2,OWN,credit_card,18.09,0,23.14,43,0
1197,29728,60,7.43,110874,731,5,OWN,credit_card,38.06,3,50.24,13,1
1198,28736,36,18.86,107266,787,7,RENT,home_improvement,27.46,0,73.15,25,0
1199,30673,36,17.06,41427,628,12,MORTGAGE,debt_consolidation,28.5,3,95.81,16,0
1200,39505,36,6.32,120732,733,11,MORTGAGE,car,27.13,5,22.04,33,1
1201,49323,60,15.12,47083,647,13,MORTGAGE,debt_consolidation,11.96,5,88.62,37,0
1202,48645,60,16.8,107046,629,9,RENT,debt_consolidation,19.64,1,93.43,47,0
1203,2854,36,11.24,77372,731,5,OWN,debt_consolidation,31.28,0,91.64,19,0
1204,26548,36,6.96,143786,598,4,RENT,credit_card,8.55,4,63.54,6,0
1205,40623,60,7.08,64064,679,14,OWN,small_business,14.72,5,62.98,43,0
1206,9392,60,7.46,27813,639,3,MORTGAGE,credit_card,14.67,5,40.32,48,1
1207,48717,36,17.77,51598,746,2,MORTGAGE,credit_card,20.12,1,75.24,22,0
1208,23556,36,18.75,132718,781,12,OWN,debt_consolidation,39.31,3,53.13,7,0
1209,40559,60,7.72,146879,725,3,OWN,credit_card,7.36,1,67.74,11,0
1210,28309,36,9.3,113106,743,13,RENT,debt_consolidation,23.15,0,42.85,47,0
1211,23919,36,8.32,47082,821,6,MORTGAGE,small_business,11.28,2,73.15,22,1
1212,6931,36,8.61,49241,648,0,RENT,car,38.97,2,82.45,48,1
1213,34970,60,17.72,116214,754,6,RENT,debt_consolidation,8.97,3,14.64,42,0
1214,46215,60,10.65,64569,628,0,RENT,small_business,19.13,5,83.29,41,1
1215,14688,60,10.36,31745,687,1,MORTGAGE,car,30.83,3,54.03,37,0
1216,27342,60,9.18,46029,805,14,RENT,home_improvement,29.66,5,84.47,48,1
1217,39157,60,14.51,33025,740,3,RENT,debt_consolidation,19.8,5,43.13,35,0
1218,4327,60,11.31,121660,698,0,RENT,debt_consolidation,17.13,2,37.9,15,1
1219,42772,60,16.42,143395,728,10,RENT,home_improvement,18.92,3,91.51,8,1
1220,42545,36,8.88,34288,729,11,RENT,home_improvement,14.25,1,25.12,22,0
1221,2197,36,17.03,109186,722,10,RENT,debt_consolidation,12.19,5,84.42,8,0
1222,25509,36,14.45,26540,739,14,MORTGAGE,home_improvement,21.91,4,48.4,38,1
1223,36698,36,7.6,117768,590,10,RENT,credit_card,14.4,4,51.41,33,1
1224,46542,36,11.8,101958,717,8,OWN,car,15.06,1,30.85,28,0
1225,17087,36,18.09,88878,657,11,RENT,car,27.99,4,57.3,26,1
1226,24671,36,18.92,61846,656,5,RENT,car,38.9,0,32.52,6,0
1227,27184,60,12.52,121148,833,12,MORTGAGE,credit_card,26.13,5,3.93,48,0
1228,29848,60,12.73,95932,837,0,MORTGAGE,home_improvement,7.69,1,27.2,10,0
1229,44107,36,18.86,37482,842,0,OWN,small_business,7.65,3,0.64,46,0
1230,22666,36,14.22,43411,664,5,OWN,home_improvement,38.3,5,97.84,29,1
1231,46357,60,6.46,70975,725,3,MORTGAGE,debt_consolidation,15.41,1,96.57,25,0
1232,17708,36,18.78,80545,621,3,MORTGAGE,car,8.22,2,39.52,20,1
1233,28370,36,9.48,132302,704,14,RENT,home_improvement,25.97,3,72.84,35,0
1234,4811,60,14.09,98797,746,10,MORTGAGE,small_business,26.83,2,34.58,18,0
1235,49011,36,8.32,72307,820,14,OWN,debt_consolidation,27.7,5,67.11,43,0
1236,8546,60,6.47,23093,767,5,RENT,credit_card,14.36,3,80.54,32,0
1237,36754,36,10.36,97258,598,14,OWN,credit_card,5.53,4,94.68,36,0
1238,32206,60,16.93,42042,647,13,RENT,small_business,38.78,1,40.02,32,0
1239,43106,60,9.89,72930,797,11,MORTGAGE,debt_consolidation,13.78,5,78.33,13,0
1240,13411,60,9.08,137584,681,10,OWN,car,28.66,0,26.59,49,0
1241,4911,36,8.98,64413,621,6,RENT,home_improvement,29.73,3,99.03,26,0
1242,3734,60,13.21,133387,746,8,RENT,debt_consolidation,26.35,3,2.58,36,0
1243,20227,36,19.66,113623,688,9,MORTGAGE,credit_card,15.95,5,60.35,9,1
1244,10680,36,12.43,117883,615,4,MORTGAGE,small_business,14.49,5,65.95,27,1
1245,21360,36,13.8,53756,811,8,MORTGAGE,small_business,25.92,2,68.8,9,0
1246,20343,36,18.05,73268,808,3,OWN,home_improvement,35.31,4,12.04,46,0
1247,7759,60,13.49,59214,743,12,RENT,small_business,38.14,2,93.85,36,0
1248,25078,60,8.58,101871,652,9,MORTGAGE,small_business,8.71,2,18.12,14,1
1249,37153,36,10.19,147844,715,1,OWN,debt_consolidation,10.42,4,62.28,43,0
1250,13111,36,10.34,48602,649,2,OWN,car,38.07,0,22.27,19,0
1251,39504,60,11.56,73331,775,12,OWN,home_improvement,30.78,2,30.72,11,0
1252,3802,36,11.98,68901,848,10,MORTGAGE,debt_consolidation,35.9,2,54.65,33,0
1253,10155,60,17.2,119986,628,0,MORTGAGE,car,12.09,3,41.72,7,0
1254,10120,36,10.89,83416,709,13,RENT,debt_consolidation,25.57,4,16.02,23,1
1255,41384,36,12.56,52196,584,13,RENT,debt_consolidation,29.54,1,17.09,14,0
1256,49025,60,14.75,148386,606,5,MORTGAGE,small_business,28.8,0,41.81,32,0
1257,49254,36,11.29,25626,739,12,OWN,car,19.29,0,75.73,33,0
1258,23918,60,17.71,27424,728,5,OWN,home_improvement,5.54,4,89.8,19,0
1259,22445,36,14.22,32857,843,0,OWN,home_improvement,25.4,5,8.41,39,1
1260,32306,36,10.12,130459,809,10,RENT,car,13.86,5,39.31,10,0
1261,18646,36,16,135621,779,12,OWN,small_business,20.76,3,10.02,16,1
1262,48843,60,13.39,39982,629,2,RENT,credit_card,38.52,3,1.66,42,0
1263,33065,36,13.48,96961,646,4,RENT,debt_consolidation,18.97,4,66.17,17,0
1264,27199,36,12.74,21980,637,2,OWN,small_business,34.39,3,60.24,33,1
1265,43976,36,12.96,68290,838,9,OWN,car,11.6,0,16.3,23,0
1266,18371,36,16.71,46431,709,2,MORTGAGE,debt_consolidation,28.54,0,23.38,7,1
1267,13835,60,7.44,104976,794,13,MORTGAGE,home_improvement,39.2,1,2.37,12,0
1268,47936,60,10.68,127288,751,9,OWN,credit_card,8.57,5,83.49,12,1
1269,4049,36,7.06,102711,837,2,RENT,home_improvement,5.29,4,97.47,24,0
1270,33616,60,16.55,134187,681,4,RENT,car,20.18,2,13.55,8,0
1271,40191,36,9.81,46385,788,12,RENT,debt_consolidation,8.24,5,23.15,25,1
1272,49357,36,18.56,58158,695,4,RENT,car,31.19,2,86.84,7,1
1273,22932,36,13.37,43019,843,3,RENT,debt_consolidation,37.01,1,92.65,49,1
1274,31855,60,17.21,38639,729,0,MORTGAGE,small_business,20.19,1,41.96,12,1
1275,9158,60,19.71,105530,615,4,OWN,credit_card,14.05,3,5.06,27,1
1276,45016,60,17.76,119911,787,9,MORTGAGE,small_business,20.2,1,3.94,20,0
1277,9400,60,18.14,41563,685,4,RENT,small_business,30.32,1,57.39,17,0
1278,44642,60,11.71,59341,737,3,RENT,car,5.32,2,39.29,7,0
1279,17151,60,13.72,135672,700,5,RENT,credit_card,25.63,3,2.87,13,0
1280,3154,60,9.55,25776,634,9,RENT,debt_consolidation,26.47,1,58.33,18,0
1281,6499,60,8.75,56444,591,3,OWN,debt_consolidation,27.32,5,1.13,17,0
1282,8295,60,13.08,88916,724,13,RENT,home_improvement,13.47,1,78.74,11,0
1283,14183,36,14.33,28711,715,6,OWN,debt_consolidation,29.99,3,30.64,19,0
1284,31299,60,10.75,94318,582,6,RENT,car,8.2,4,4.03,11,0
1285,14874,60,13.97,102970,723,1,OWN,small_business,11.97,3,58.84,42,0
1286,34711,60,18.42,132301,609,2,MORTGAGE,small_business,35.71,2,39.77,38,0
1287,7539,60,13.79,105553,816,0,RENT,small_business,30.86,4,97.38,45,1
1288,44405,60,16.09,50707,694,7,OWN,credit_card,5.48,5,54.42,26,1
1289,4557,60,17.27,59110,683,8,MORTGAGE,debt_consolidation,13.69,0,27.52,28,0
1290,40360,60,19.84,149410,697,3,RENT,car,12.5,3,70.94,41,0
1291,18482,60,14.44,81788,584,5,RENT,credit_card,14.48,2,27.15,48,0
1292,4200,60,17.3,102879,827,8,RENT,home_improvement,13.66,5,90.42,5,0
1293,48940,60,19.48,58827,700,5,OWN,car,7.19,4,37.47,14,0
1294,4961,60,19.22,127188,728,13,OWN,car,21.06,5,54.99,47,0
1295,48975,36,7.98,25655,663,11,MORTGAGE,car,30.65,3,5.06,20,0
1296,23357,36,11.69,64859,810,11,OWN,small_business,26.24,1,42.61,12,0
1297,13969,60,10.54,73625,740,11,OWN,car,28.55,3,83.24,29,1
1298,4869,60,7.22,72098,617,8,RENT,debt_consolidation,7.84,0,80.56,16,1
1299,48760,36,14.87,35251,805,14,RENT,car,38.3,3,22.43,29,0
1300,30643,60,16.3,142413,721,3,RENT,small_business,34.35,4,22.61,21,0
1301,26736,36,17.87,20526,730,7,RENT,car,33.18,4,81.73,30,0
1302,40467,36,7.72,88760,693,8,RENT,home_improvement,33.8,3,93.04,18,0
1303,25328,36,18.27,67837,816,3,RENT,home_improvement,37.64,4,9.54,45,1
1304,27876,36,15,145133,645,4,RENT,small_business,24.05,1,45.01,40,0
1305,23295,36,15.86,149478,837,13,MORTGAGE,debt_consolidation,12.01,5,33.75,27,1
1306,5987,60,18.75,31536,828,7,MORTGAGE,debt_consolidation,26.59,3,87.07,47,0
1307,24399,36,14.75,48541,759,11,MORTGAGE,credit_card,31,1,8.35,10,1
1308,48214,60,10.7,99083,769,9,MORTGAGE,small_business,30.83,5,21.11,9,0
1309,35986,60,17.55,71027,733,13,RENT,car,23.25,5,75.25,47,1
1310,22880,36,11.08,54531,775,5,MORTGAGE,small_business,7.4,1,5.13,29,0
1311,6735,36,6.48,28712,841,11,RENT,credit_card,17.99,2,49.25,22,0
1312,46064,60,17.63,124101,722,6,MORTGAGE,small_business,37.23,3,44.21,17,0
1313,6555,36,10.83,85455,680,2,OWN,small_business,25.46,5,33.44,47,0
1314,43914,36,16.83,94744,823,6,MORTGAGE,credit_card,23.84,5,39.46,18,1
1315,42818,60,11.08,141787,591,11,MORTGAGE,debt_consolidation,14.41,4,52.99,32,1
1316,47525,60,18.05,149749,818,13,RENT,car,17.9,5,16.14,22,1
1317,21830,36,9.07,25109,628,7,MORTGAGE,credit_card,36.34,1,57.2,32,0
1318,19429,60,19.64,141332,621,9,OWN,home_improvement,28.33,5,80.54,31,1
1319,8893,36,16.92,69268,745,5,RENT,debt_consolidation,32.56,2,76.02,36,0
1320,16373,36,7.6,120737,661,14,RENT,home_improvement,20.9,3,15.39,13,0
1321,49333,36,13.92,74615,737,9,MORTGAGE,debt_consolidation,27.06,3,14.92,44,0
1322,5436,60,19.8,102503,795,8,RENT,car,13.69,5,26.82,36,0
1323,10754,60,12.59,143274,737,12,RENT,car,29.69,0,36.11,24,0
1324,12677,60,8.55,49759,713,5,RENT,small_business,19.97,0,40.85,32,0
1325,7895,60,12.79,105708,646,11,RENT,home_improvement,20.49,1,67.97,37,0
1326,21738,60,13.17,80112,586,8,RENT,debt_consolidation,27.73,0,5.67,8,1
1327,32746,36,16.38,122471,593,12,RENT,car,37.77,1,3.47,38,0
1328,34352,36,15.78,146740,652,3,OWN,credit_card,7.24,4,39.19,7,0
1329,41790,36,11.64,143153,742,7,MORTGAGE,car,33.87,1,69.72,30,0
1330,43919,36,9.05,46589,645,10,OWN,credit_card,15.23,0,19.34,12,0
1331,7600,60,15.03,50015,709,3,RENT,debt_consolidation,20.54,5,64.15,10,0
1332,31124,36,11.9,49009,785,1,RENT,car,5.77,4,25.98,20,0
1333,29643,60,7.85,103309,835,9,MORTGAGE,car,15.54,0,88.61,28,0
1334,42764,36,18.61,146446,845,10,OWN,debt_consolidation,22.59,1,89.57,43,0
1335,11007,60,15.68,82046,604,8,MORTGAGE,car,6.97,2,29.73,34,0
1336,47714,60,15.56,126661,832,4,OWN,credit_card,22.19,3,23,49,1
1337,39410,36,17.52,46143,743,3,RENT,car,37.45,0,41.13,17,0
1338,46080,36,13.42,26154,674,1,MORTGAGE,home_improvement,8.69,1,24.05,9,0
1339,42447,36,17.41,41804,849,0,MORTGAGE,small_business,31.76,4,67.24,29,1
1340,10208,36,12.97,61688,689,10,RENT,credit_card,19.34,0,82.61,24,0
1341,20589,60,6.94,84288,817,6,MORTGAGE,home_improvement,27.93,0,67.31,22,0
1342,45484,36,11.67,71195,604,5,OWN,debt_consolidation,14.11,3,82.44,22,1
1343,19453,36,12.96,40581,720,14,OWN,credit_card,10.58,1,39.7,6,0
1344,38212,60,16.08,72648,696,14,OWN,small_business,10.62,2,15.63,14,0
1345,45525,36,7.49,50087,604,1,OWN,small_business,7.47,4,73.8,49,0
1346,49202,36,7.96,69930,658,7,RENT,debt_consolidation,11.5,1,36.05,16,0
1347,34635,36,9.69,52981,647,10,MORTGAGE,debt_consolidation,28.25,4,67.13,17,0
1348,35828,36,9.73,89298,752,3,OWN,credit_card,35.86,0,27.06,15,0
1349,20711,36,16.25,66167,591,7,RENT,car,33.49,3,8.12,23,0
1350,5420,60,9.51,95304,707,14,MORTGAGE,debt_consolidation,28.98,3,99.26,39,0
1351,33216,36,14.86,63408,675,6,MORTGAGE,car,8.87,5,15.62,43,0
1352,2301,36,12.92,59499,671,4,RENT,home_improvement,15.12,2,98.84,30,0
1353,47236,36,14.03,145816,720,9,RENT,small_business,15.84,3,97.73,18,0
1354,2699,36,17.73,72269,610,9,OWN,car,13.75,0,79.38,49,0
1355,2190,36,11.66,58559,599,11,MORTGAGE,small_business,23.03,2,65.94,48,0
1356,12492,60,16.79,134126,725,7,MORTGAGE,car,23.74,1,57.78,28,1
1357,37743,36,11.91,94319,739,13,RENT,home_improvement,17.49,3,86.61,45,0
1358,8102,60,10.95,131925,622,8,MORTGAGE,debt_consolidation,17.38,2,28.94,5,0
1359,21778,60,19.42,115317,833,4,OWN,home_improvement,34,0,46.77,47,0
1360,28641,36,8.58,116347,709,9,MORTGAGE,debt_consolidation,32.63,5,61.94,26,0
1361,36584,36,7.26,68787,639,4,RENT,debt_consolidation,15.77,4,41.12,27,1
1362,34745,36,16.79,55488,730,1,RENT,small_business,36.98,4,42.75,23,0
1363,25093,36,6.96,94441,584,4,OWN,home_improvement,38.35,0,33.03,22,1
1364,2569,60,17.72,94663,845,2,OWN,car,16.44,0,56.42,16,0
1365,40210,36,12.12,42431,709,6,MORTGAGE,home_improvement,17.4,4,85.06,32,1
1366,36663,36,18.82,81681,846,9,MORTGAGE,small_business,22.7,5,20.15,32,0
1367,38631,36,16.1,83483,757,4,RENT,debt_consolidation,37.94,2,93.44,37,1
1368,47681,36,14.55,142720,832,7,OWN,small_business,35.67,4,68.91,23,0
1369,9455,36,19.29,69153,635,0,OWN,credit_card,8.59,0,82.33,32,0
1370,6014,36,11.55,26368,662,2,OWN,credit_card,18.75,3,55.62,41,0
1371,13093,60,19.36,47424,678,2,MORTGAGE,car,24.37,1,77.95,30,0
1372,20070,60,7.89,132360,728,8,OWN,small_business,22.61,5,1.62,39,1
1373,37777,36,12.77,65004,735,4,RENT,car,11.79,5,81.84,38,0
1374,18538,36,9.78,103869,769,11,RENT,car,35.06,3,4.01,39,0
1375,12729,36,13.56,108652,842,8,MORTGAGE,credit_card,28.69,3,88.99,44,1
1376,36177,60,8.27,132755,659,12,MORTGAGE,car,34.33,0,99.2,20,0
1377,47017,36,17.78,76985,831,8,OWN,credit_card,35.06,4,29.41,42,1
1378,2784,60,17.85,70069,676,0,MORTGAGE,debt_consolidation,31.19,2,21.03,17,1
1379,29751,36,19.37,72326,839,1,RENT,small_business,20.37,5,76.54,27,0
1380,42864,36,8.17,128737,839,4,OWN,car,26.37,5,25.3,26,1
1381,42328,36,14.73,101061,682,3,RENT,credit_card,10.61,3,86.56,20,0
1382,14533,36,12.64,43398,619,14,OWN,home_improvement,28.58,4,10.28,32,0
1383,42111,60,10.82,118393,680,9,MORTGAGE,car,11.27,5,12.6,39,0
1384,41974,60,10.92,70861,800,8,OWN,debt_consolidation,29.29,2,97.92,49,0
1385,7801,36,11.78,95897,703,6,OWN,debt_consolidation,13.04,3,67.38,12,1
1386,21190,36,15.87,101905,810,5,RENT,home_improvement,9.11,2,84.69,48,1
1387,40754,60,14.38,147118,757,6,RENT,credit_card,10.78,4,32.43,26,0
1388,31592,60,12.44,88577,642,0,OWN,car,5.07,5,67.65,25,0
1389,12647,60,7.06,85641,695,0,MORTGAGE,credit_card,30.16,1,59.42,30,1
1390,10716,60,7.09,29078,770,7,MORTGAGE,debt_consolidation,30.63,5,60.32,44,0
1391,25355,36,6.03,45003,641,12,RENT,credit_card,23.02,4,68.25,25,0
1392,24009,60,19.55,82768,835,12,MORTGAGE,debt_consolidation,10.65,5,57.54,29,0
1393,26376,36,6.07,71047,586,1,RENT,credit_card,7.92,5,42.91,45,1
1394,47091,60,7.44,91626,734,11,MORTGAGE,home_improvement,5.67,0,27.59,5,0
1395,6780,60,10.4,77660,671,9,OWN,small_business,10.8,5,76.86,10,1
1396,4368,60,17.3,124386,593,10,RENT,home_improvement,36.18,5,22.63,27,1
1397,14039,60,19.47,69786,808,8,RENT,home_improvement,13.45,2,69.24,27,0
1398,8655,60,17.06,21925,665,6,OWN,small_business,17.4,1,23.33,47,0
1399,42941,36,15.67,103976,712,5,RENT,small_business,8.69,2,62.53,47,1
1400,6495,36,13.3,125221,762,0,MORTGAGE,car,12.78,2,74.71,27,0
1401,12893,60,7.21,137832,641,0,MORTGAGE,car,23.17,3,21.87,36,1
1402,27547,60,19.41,145150,798,1,RENT,home_improvement,26.27,0,5.99,34,1
1403,24386,36,16.62,46015,825,5,MORTGAGE,home_improvement,13.59,2,13.1,17,0
1404,15403,60,14.95,53320,809,13,RENT,debt_consolidation,7.02,4,60.6,47,1
1405,34097,60,16.63,84881,658,5,OWN,debt_consolidation,18.69,4,84.94,22,1
1406,15121,36,16.14,110827,728,1,RENT,car,13.2,5,4.5,27,1
1407,12966,60,14.92,140071,717,0,OWN,car,12.68,3,73.42,19,0
1408,35621,60,19.73,122215,644,9,MORTGAGE,debt_consolidation,38.6,0,34.13,37,0
1409,30312,36,18.65,46289,592,4,OWN,debt_consolidation,26.57,0,47.85,25,0
1410,24677,36,15.05,148859,792,4,MORTGAGE,credit_card,24.49,5,92.89,43,0
1411,33289,36,15.7,23389,821,1,RENT,credit_card,19.55,4,33.2,27,0
1412,33024,60,6.72,45683,792,5,MORTGAGE,debt_consolidation,20.01,1,46.53,31,1
1413,44675,36,15.38,33629,760,8,RENT,credit_card,23.93,3,1.37,49,0
1414,6777,36,6.62,81550,752,1,RENT,small_business,29.38,5,8.16,48,0
1415,31749,36,14.24,44826,739,9,OWN,car,29.58,3,25.86,22,0
1416,17338,36,19.99,120734,743,1,OWN,car,11.01,4,2.79,28,1
1417,4491,36,13.78,46630,767,2,OWN,debt_consolidation,22.5,4,63.14,44,0
1418,29236,36,12.62,118762,770,12,OWN,home_improvement,19.42,1,42.64,46,0
1419,16599,60,10.38,66163,835,6,MORTGAGE,debt_consolidation,35.47,1,54.81,11,0
1420,21508,60,7.69,118511,762,5,MORTGAGE,credit_card,27.1,0,17.46,24,1
1421,5051,36,16.23,86435,696,11,MORTGAGE,home_improvement,23.64,3,29.59,31,0
1422,23606,36,8.7,31653,775,7,RENT,credit_card,9.04,3,66.38,10,0
1423,23699,36,7.61,47961,613,14,MORTGAGE,small_business,26.2,4,96.53,31,1
1424,2876,60,11.9,101941,631,7,MORTGAGE,credit_card,9.1,0,5.04,13,1
1425,34093,60,17.13,94137,691,5,MORTGAGE,small_business,16.8,5,89.04,49,1
1426,6142,60,16.43,53662,831,11,OWN,small_business,10,3,57.69,35,0
1427,17202,60,6.77,118818,661,10,MORTGAGE,credit_card,29.22,0,56.39,25,0
1428,41734,60,12.37,76446,811,9,RENT,credit_card,12.22,0,50.03,30,1
1429,9079,60,13.31,41288,806,2,OWN,small_business,18.72,4,6.94,44,0
1430,9987,60,15.02,142555,812,2,RENT,home_improvement,36.35,0,8.99,49,1
1431,41567,60,15.1,115081,800,14,MORTGAGE,small_business,12.15,1,60.09,17,0
1432,30940,60,11.11,56877,621,0,OWN,car,22.77,1,34.1,27,0
1433,39233,36,13.85,131562,600,6,RENT,small_business,19.67,2,91.73,24,0
1434,19019,36,12.73,35313,621,4,MORTGAGE,home_improvement,5.63,4,40.66,41,0
1435,48185,36,18.39,100885,692,3,RENT,car,32.75,5,14.33,32,0
1436,20077,36,13.42,92715,684,9,RENT,debt_consolidation,7.42,2,71.47,21,0
1437,28258,60,12.17,30326,771,14,RENT,debt_consolidation,21.6,1,29.34,32,1
1438,23136,60,11.66,130091,596,3,MORTGAGE,home_improvement,24.62,2,52.55,45,0
1439,10311,36,14.01,145836,699,13,MORTGAGE,small_business,26.99,4,69.78,6,0
1440,19214,60,17.26,21560,708,3,RENT,credit_card,29.1,4,90.03,29,1
1441,16098,36,13.54,99148,709,5,OWN,home_improvement,13.86,0,79.22,45,0
1442,30251,60,15.26,103186,639,14,OWN,car,5.35,3,67.64,10,0
1443,39945,36,16.33,46745,627,7,MORTGAGE,car,30.32,0,67.96,15,1
1444,49030,60,13.28,51890,608,7,MORTGAGE,debt_consolidation,23.75,4,94.59,42,0
1445,27945,60,11.98,40022,676,4,MORTGAGE,car,34.26,1,29.58,10,1
1446,27316,36,18.27,143629,589,14,MORTGAGE,home_improvement,33.75,5,0.11,49,1
1447,34217,60,11.85,72579,821,5,MORTGAGE,car,34.52,1,27.2,15,1
1448,10308,36,12.47,90316,811,3,OWN,home_improvement,21.98,0,21.79,18,0
1449,7949,36,19.86,103847,782,11,MORTGAGE,credit_card,16.68,5,66.18,6,0
1450,3150,36,6,48380,826,13,RENT,debt_consolidation,32.7,4,63.37,44,0
1451,25944,36,8.6,130198,843,10,RENT,car,20.8,1,59.35,7,0
1452,36699,60,11.38,22356,793,12,OWN,home_improvement,11.42,4,1.62,39,1
1453,11204,60,19.06,90326,779,8,RENT,small_business,34.92,5,72.88,37,0
1454,3081,60,6.98,112447,658,7,OWN,debt_consolidation,35.89,5,32.35,28,0
1455,31305,36,6.13,134994,752,9,OWN,credit_card,21.32,1,66.51,23,1
1456,18896,60,6.74,109899,648,11,RENT,home_improvement,7.65,4,55.66,22,0
1457,48175,36,7.24,40049,666,9,MORTGAGE,credit_card,18.57,2,34.27,28,0
1458,9805,60,6.53,95717,680,0,RENT,credit_card,33.12,4,13.46,49,0
1459,7237,60,12.72,125361,587,14,RENT,car,36.56,5,9.44,39,1
1460,22056,60,14.13,36082,779,1,OWN,car,12.12,4,83.15,5,0
1461,47543,36,9.8,20661,666,8,RENT,home_improvement,7.34,0,91.84,40,1
1462,47952,60,11.58,57412,622,7,OWN,small_business,35.71,2,64.98,29,0
1463,5343,60,7.28,134015,688,13,MORTGAGE,home_improvement,18.63,3,10.34,49,1
1464,15500,36,10.71,143191,731,2,MORTGAGE,small_business,23.96,0,40.2,47,1
1465,31375,60,13.32,22920,596,7,MORTGAGE,credit_card,38.88,3,72.89,38,0
1466,11662,36,16.25,111194,712,11,RENT,debt_consolidation,7.33,1,77.98,29,0
1467,18964,60,6.05,134306,727,0,OWN,home_improvement,27.69,3,11.82,20,0
1468,49893,36,12.54,80315,811,9,MORTGAGE,home_improvement,7.59,4,0,38,1
1469,10130,36,10.16,99561,807,3,OWN,small_business,18.14,3,71.21,33,0
1470,21531,60,17.94,28946,718,2,OWN,credit_card,33.13,5,35.66,23,0
1471,3679,36,16.02,114242,790,5,MORTGAGE,credit_card,20.17,0,25.45,27,0
1472,5506,36,14.25,65500,607,6,MORTGAGE,small_business,39.9,0,1.29,23,0
1473,15284,36,9.88,124540,630,3,OWN,credit_card,24.57,3,54.03,29,0
1474,9253,36,18.74,36309,840,6,MORTGAGE,car,16.24,0,85.12,20,0
1475,21128,36,6.63,75230,840,8,OWN,debt_consolidation,12.7,5,95.76,13,0
1476,29932,36,7.53,131822,587,10,OWN,home_improvement,17.27,0,56.57,5,1
1477,11435,60,11.48,118656,717,1,MORTGAGE,debt_consolidation,18.04,3,51.45,46,0
1478,46078,36,7.74,143782,617,10,RENT,home_improvement,7.4,2,8.51,23,0
1479,15296,36,19.39,50027,690,2,MORTGAGE,car,17.94,2,54.89,37,1
1480,32445,60,17.17,146768,799,4,RENT,credit_card,21.25,1,38,38,1
1481,15245,60,9.63,92541,802,2,OWN,small_business,30.3,0,60.71,20,1
1482,31124,60,14.24,132340,715,10,OWN,car,27.99,3,38.87,48,0
1483,31899,60,19.75,134846,835,7,RENT,debt_consolidation,29.81,0,24.03,44,0
1484,45919,60,18.38,79321,628,11,OWN,small_business,5.29,4,9.5,22,0
1485,45225,60,14.41,20956,657,9,RENT,credit_card,12.62,5,31.49,38,1
1486,37247,60,18.65,120375,684,7,RENT,car,28.16,0,9.66,29,0
1487,31222,36,19.85,94131,748,7,OWN,small_business,21.94,0,17.69,49,0
1488,28211,36,16.41,67908,796,11,RENT,car,5.19,2,98.73,10,0
1489,39220,60,6.91,98339,698,11,MORTGAGE,car,33.16,5,44.41,25,0
1490,28646,36,11.62,145659,769,8,MORTGAGE,credit_card,32.05,3,53.19,10,0
1491,40649,36,17.73,45963,834,3,OWN,home_improvement,24.19,0,87.36,36,0
1492,25049,36,9.23,121757,845,4,OWN,small_business,7.33,2,99.56,45,0
1493,16069,60,17.63,59443,728,4,RENT,credit_card,31.83,1,58.27,47,0
1494,34580,60,7.68,119259,743,7,RENT,car,25.43,5,81.25,43,1
1495,33843,36,6.66,59063,719,6,RENT,credit_card,32.37,2,32.69,35,1
1496,4849,60,11.38,134225,837,8,RENT,home_improvement,31.31,2,30.57,46,1
1497,42158,36,6.51,136400,848,14,MORTGAGE,small_business,33.11,2,40.27,14,1
1498,25289,36,19.4,100818,760,14,MORTGAGE,home_improvement,23.13,0,67.25,34,0
1499,46690,36,17.57,24703,739,13,OWN,debt_consolidation,9.91,0,68.22,22,0
1500,37257,36,17.21,85128,805,7,RENT,small_business,28.49,1,31.52,28,0
